,Name,Games Played,MIN,PTS,FGM,FGA,FG%,3PM,3PA,3P%,FTM,FTA,FT%,OREB,DREB,REB,AST,STL,BLK,TOV,PF,EFF,AST/TOV,STL/TOV,Age,Birthdate,College,Experience,Position,Team
0,Jamal Crawford,64,1703,1010,332,839,39.6,119,364,32.7,227,252,90.1,18,106,124,158,59,14,92,108,741,1.72,0.64,35.0,"March 20, 1980",University of Michigan,14,SG,LAC
1,Jimmy Butler,65,2513,1301,421,912,46.2,73,193,37.8,386,463,83.4,114,265,379,212,114,36,93,108,1381,2.28,1.23,26.0,"September 14, 1989",Marquette University,3,SG,CHI
2,JJ Redick,78,2409,1277,447,938,47.7,200,458,43.7,183,203,90.1,22,145,167,137,39,8,95,134,1022,1.44,0.41,31.0,"June 24, 1984",Duke University,8,SG,LAC
3,Kent Bazemore,75,1324,390,141,331,42.6,48,132,36.4,60,100,60.0,21,201,222,78,52,33,73,127,472,1.07,0.71,26.0,"July 1, 1989",Old Dominion University,2,SG,ATL
4,Tim Hardaway Jr.,70,1681,804,279,717,38.9,121,354,34.2,125,156,80.1,12,144,156,127,20,14,82,119,570,1.55,0.24,23.0,"March 16, 1992",University of Michigan,1,SG,NYK
5,Danny Green,81,2312,946,322,738,43.6,191,457,41.8,111,127,87.4,54,289,343,158,101,87,93,163,1110,1.7,1.09,28.0,"June 22, 1987",University of North Carolina,5,SG,SAS
6,Ian Clark,30,192,57,19,55,34.5,10,30,33.3,9,9,100.0,4,12,16,12,9,3,9,20,52,1.33,1.0,24.0,"March 7, 1991",Belmont University,1,SG,UTA
7,Malcolm Thomas,17,194,45,18,40,45.0,0,7,0.0,9,13,69.2,16,40,56,7,3,1,13,17,73,0.54,0.23,25.0,"May 22, 1990","University of California, Los Angeles",2,SG,PHI
8,Iman Shumpert,62,1545,496,193,471,41.0,67,196,34.2,43,64,67.2,55,169,224,135,81,16,91,138,562,1.48,0.89,25.0,"June 26, 1990",Georgia Institute of Technology,3,SG,NYK
9,Nik Stauskas,73,1127,319,108,296,36.5,48,149,32.2,55,64,85.9,11,77,88,67,20,17,40,92,274,1.68,0.5,22.0,"October 7, 1993",University of Michigan,R,SG,SAC
10,Courtney Lee,77,2354,777,288,643,44.8,90,224,40.2,111,129,86.0,21,157,178,151,75,12,78,129,742,1.94,0.96,30.0,"October 3, 1985",Western Kentucky University,6,SG,MEM
11,Jeremy Lamb,47,633,295,104,250,41.6,38,111,34.2,49,55,89.1,8,99,107,44,21,6,27,52,294,1.63,0.78,23.0,"May 30, 1992",University of Connecticut,2,SG,OKC
12,Toney Douglas,12,177,51,19,51,37.3,5,18,27.8,8,13,61.5,2,20,22,24,11,4,10,20,65,2.4,1.1,29.0,"March 16, 1986",Florida State University,5,SG,NOH
13,Jabari Brown,19,568,227,70,170,41.2,23,62,37.1,64,85,75.3,3,33,36,40,12,2,32,33,164,1.25,0.38,23.0,"December 18, 1992",University of Missouri,R,SG,LAL
14,CJ McCollum,62,973,424,159,365,43.6,55,139,39.6,51,73,69.9,14,77,91,64,43,8,48,81,354,1.33,0.9,24.0,"September 19, 1991",Lehigh University,1,SG,POR
15,Tony Allen,63,1648,539,225,455,49.5,10,29,34.5,79,126,62.7,103,177,280,86,129,30,86,166,701,1.0,1.5,33.0,"January 11, 1982",Oklahoma State University,10,SG,MEM
16,Jodie Meeks,60,1462,663,222,534,41.6,74,212,34.9,145,160,90.6,12,92,104,79,59,6,57,76,527,1.39,1.04,28.0,"August 21, 1987",University of Kentucky,5,SG,DET
17,Chris Douglas-Roberts,12,103,19,5,21,23.8,1,7,14.3,8,8,100.0,1,11,12,4,1,0,0,14,20,0.0,0.0,28.0,"January 8, 1987",University of Memphis,5,SG,LAC
18,Jamaal Franklin,3,13,3,1,2,50.0,1,2,50.0,0,0,0.0,1,1,2,3,0,1,3,4,5,1.0,0.0,24.0,"July 21, 1991",San Diego State University,1,SG,DEN
19,Toure' Murry,5,18,6,2,5,40.0,0,0,0.0,2,2,100.0,1,0,1,1,1,0,4,2,2,0.25,0.25,26.0,"November 8, 1989",Wichita State University,1,SG,WAS
20,E'Twaun Moore,56,504,149,62,139,44.6,13,38,34.2,12,20,60.0,12,34,46,33,20,6,14,45,155,2.36,1.43,26.0,"February 28, 1989",Purdue University,3,SG,CHI
21,Kentavious Caldwell-Pope,82,2587,1043,390,972,40.1,153,444,34.5,110,158,69.6,46,209,255,109,93,18,94,161,794,1.16,0.99,22.0,"February 18, 1993",University of Georgia,1,SG,DET
22,Sean Kilpatrick,4,72,22,7,20,35.0,4,13,30.8,4,4,100.0,1,5,6,4,3,0,2,3,20,2.0,1.5,25.0,"January 6, 1990",University of Cincinnati,R,SG,MIN
23,James Harden,81,2981,2217,647,1470,44.0,208,555,37.5,715,824,86.8,75,384,459,565,154,60,321,208,2202,1.76,0.48,26.0,"August 26, 1989",Arizona State University,5,SG,HOU
24,Lester Hudson,5,56,18,6,14,42.9,3,6,50.0,3,4,75.0,1,7,8,5,6,1,3,4,26,1.67,2.0,31.0,"August 7, 1984",University of Tennessee at Martin,3,SG,LAC
25,Eric Gordon,61,2018,818,285,694,41.1,141,315,44.8,107,133,80.5,28,131,159,229,50,14,122,145,713,1.88,0.41,27.0,"December 25, 1988",Indiana University,6,SG,NOH
26,KJ McDaniels,62,1352,487,172,434,39.6,43,150,28.7,100,133,75.2,65,135,200,72,44,70,105,126,473,0.69,0.42,22.0,"February 9, 1993",Clemson University,R,SG,PHI
27,Shannon Brown,5,89,20,7,19,36.8,3,7,42.9,3,4,75.0,0,1,1,3,4,0,4,8,11,0.75,1.0,30.0,"November 29, 1985",Michigan State University,8,SG,MIA
28,Patrick Christopher,4,29,6,3,12,25.0,0,4,0.0,0,0,0.0,2,4,6,0,1,0,1,6,3,0.0,1.0,27.0,"June 3, 1988",University of California,R,SG,UTA
29,Kirk Hinrich,66,1610,377,142,381,37.3,58,168,34.5,35,50,70.0,20,101,121,148,46,14,73,144,379,2.03,0.63,34.0,"January 2, 1981",University of Kansas,11,SG,CHI
30,Kyle Korver,75,2418,911,292,600,48.7,221,449,49.2,106,118,89.8,15,289,304,196,52,42,107,140,1078,1.83,0.49,34.0,"March 17, 1981",Creighton University,11,SG,ATL
31,Garrett Temple,52,736,204,68,170,40.0,33,88,37.5,35,48,72.9,24,66,90,56,42,9,34,76,252,1.65,1.24,29.0,"May 8, 1986",Louisiana State University,4,SG,WAS
32,Gary Harris,55,719,188,66,217,30.4,21,103,20.4,35,47,74.5,21,43,64,29,39,7,38,71,126,0.76,1.03,21.0,"September 14, 1994",Michigan State University,R,SG,DEN
33,Gary Neal,54,1192,543,188,503,37.4,50,164,30.5,117,135,86.7,14,115,129,100,23,1,65,88,398,1.54,0.35,31.0,"October 3, 1984",Towson University,4,SG,MIN
34,Jordan Adams,30,248,94,35,86,40.7,10,25,40.0,14,23,60.9,9,19,28,16,16,7,14,24,87,1.14,1.14,21.0,"July 8, 1994","University of California, Los Angeles",R,SG,MEM
35,Gerald Henderson,80,2315,969,370,847,43.7,45,136,33.1,184,217,84.8,36,237,273,206,51,22,110,135,901,1.87,0.46,28.0,"December 9, 1987",Duke University,5,SG,CHA
36,Shabazz Muhammad,38,866,512,194,397,48.9,20,51,39.2,104,145,71.7,63,91,154,44,18,7,35,49,456,1.26,0.51,23.0,"November 13, 1992","University of California, Los Angeles",1,SG,MIN
37,Lance Stephenson,61,1573,501,207,550,37.6,18,105,17.1,69,110,62.7,39,238,277,240,38,8,128,134,552,1.88,0.3,25.0,"September 5, 1990",University of Cincinnati,4,SG,CHA
38,Devyn Marble,16,208,37,14,44,31.8,4,22,18.2,5,16,31.3,5,26,31,17,9,2,9,14,46,1.89,1.0,23.0,"September 21, 1992",University of Iowa,R,SG,ORL
39,Glen Rice,5,43,11,3,15,20.0,1,7,14.3,4,6,66.7,2,2,4,2,0,0,2,11,1,1.0,0.0,24.0,"January 1, 1991",Georgia Institute of Technology,1,SG,WAS
40,John Jenkins,24,297,135,49,99,49.5,21,52,40.4,16,19,84.2,2,37,39,13,10,0,8,15,136,1.63,1.25,24.0,"March 6, 1991",Vanderbilt University,2,SG,ATL
41,Kevin Martin,39,1302,779,267,625,42.7,75,191,39.3,170,193,88.1,19,123,142,89,33,1,76,76,587,1.17,0.43,32.0,"February 1, 1983",Western Carolina University,10,SG,MIN
42,O.J. Mayo,71,1697,806,296,701,42.2,99,277,35.7,115,139,82.7,30,157,187,197,57,18,128,165,708,1.54,0.45,28.0,"November 5, 1987",University of Southern California,6,SG,MIL
43,DeMar DeRozan,60,2100,1204,409,990,41.3,25,88,28.4,361,434,83.2,41,236,277,210,73,11,137,122,984,1.53,0.53,26.0,"August 7, 1989",University of Southern California,5,SG,TOR
44,Markel Brown,47,781,216,76,210,36.2,17,64,26.6,47,57,82.5,16,91,107,39,31,12,27,57,234,1.44,1.15,23.0,"January 29, 1992",Oklahoma State University,R,SG,NJN
45,Klay Thompson,77,2455,1668,602,1299,46.3,239,545,43.9,225,256,87.9,27,220,247,222,87,60,149,122,1407,1.49,0.58,25.0,"February 8, 1990",Washington State University,3,SG,GSW
46,Arron Afflalo,78,2502,1035,375,884,42.4,118,333,35.4,167,198,84.3,27,220,247,129,41,7,116,167,803,1.11,0.35,30.0,"October 15, 1985","University of California, Los Angeles",7,SG,POR
47,Will Bynum,7,67,22,10,31,32.3,0,9,0.0,2,4,50.0,2,4,6,18,1,1,8,9,17,2.25,0.13,32.0,"January 4, 1983",Georgia Institute of Technology,7,SG,WAS
48,Ben McLemore,82,2670,996,363,831,43.7,140,391,35.8,130,160,81.3,31,210,241,140,77,19,138,219,837,1.01,0.56,22.0,"February 11, 1993",University of Kansas,1,SG,SAC
49,Ben Gordon,56,790,349,129,295,43.7,35,97,36.1,56,67,83.6,6,57,63,50,14,1,55,60,245,0.91,0.26,32.0,"April 4, 1983",University of Connecticut,10,SG,ORL
50,Avery Bradley,77,2428,1071,434,1013,42.8,124,352,35.2,79,100,79.0,46,195,241,135,82,15,109,177,835,1.24,0.75,25.0,"November 26, 1990",University of Texas at Austin,4,SG,BOS
51,Austin Rivers,76,1563,530,203,496,40.9,39,131,29.8,85,126,67.5,27,125,152,155,48,14,65,146,500,2.39,0.74,23.0,"August 1, 1992",Duke University,2,SG,NOH
52,Randy Foye,50,1087,435,148,402,36.8,94,263,35.7,45,55,81.8,9,76,85,119,34,11,60,97,360,1.98,0.57,32.0,"September 24, 1983",Villanova University,8,SG,DEN
53,Jared Cunningham,19,89,35,12,33,36.4,4,13,30.8,7,13,53.8,1,8,9,10,3,0,7,12,23,1.43,0.43,24.0,"May 22, 1991",Oregon State University,2,SG,LAC
54,Jason Richardson,19,416,172,62,178,34.8,31,96,32.3,17,22,77.3,13,53,66,38,13,3,16,28,155,2.38,0.81,34.0,"January 20, 1981",Michigan State University,12,SG,PHI
55,Victor Oladipo,72,2573,1292,473,1086,43.6,84,248,33.9,262,320,81.9,51,251,302,295,120,19,204,187,1153,1.45,0.59,23.0,"May 4, 1992",Indiana University,1,SG,ORL
56,Allen Crabbe,51,683,168,63,153,41.2,30,85,35.3,12,16,75.0,7,66,73,39,19,15,15,74,205,2.6,1.27,23.0,"April 9, 1992",University of California,1,SG,POR
57,Vince Carter,66,1091,384,135,406,33.3,69,232,29.7,45,57,78.9,27,106,133,79,43,14,43,102,327,1.84,1.0,38.0,"January 26, 1977",University of North Carolina,16,SG,MEM
58,Archie Goodwin,41,535,231,79,201,39.3,12,41,29.3,61,83,73.5,27,47,74,44,18,9,48,55,184,0.92,0.38,21.0,"August 17, 1994",University of Kentucky,1,SG,PHO
59,Anthony Morrow,74,1806,790,285,615,46.3,141,325,43.4,79,89,88.8,40,155,195,60,54,11,38,135,732,1.58,1.42,30.0,"September 27, 1985",Georgia Institute of Technology,6,SG,OKC
60,Wayne Ellington,65,1675,650,254,617,41.2,90,243,37.0,52,64,81.3,31,179,210,105,33,2,50,77,575,2.1,0.66,28.0,"October 29, 1987",University of North Carolina,5,SG,LAL
61,Jared Dudley,72,1717,518,198,423,46.8,74,192,38.5,48,67,71.6,45,175,220,130,72,11,62,113,645,2.1,1.16,30.0,"July 10, 1985",Boston College,7,SG,MIL
62,Wesley Matthews,60,2024,956,337,752,44.8,173,445,38.9,109,145,75.2,38,184,222,139,77,10,81,132,872,1.72,0.95,29.0,"October 14, 1986",Marquette University,5,SG,POR
63,Will Barton,58,984,397,150,353,42.5,23,85,27.1,74,94,78.7,26,136,162,81,48,19,61,70,423,1.33,0.79,24.0,"January 6, 1991",University of Memphis,2,SG,POR
64,Andre Roberson,67,1286,228,92,201,45.8,21,85,24.7,23,48,47.9,60,195,255,70,53,29,46,141,455,1.52,1.15,24.0,"December 4, 1991",University of Colorado,1,SG,OKC
65,Vander Blue,2,74,22,9,30,30.0,2,10,20.0,2,5,40.0,2,7,9,8,3,0,6,4,12,1.33,0.5,23.0,"July 17, 1992",Marquette University,1,SG,LAL
66,Joe Johnson,80,2791,1154,446,1025,43.5,121,337,35.9,141,176,80.1,53,331,384,292,59,14,137,120,1152,2.13,0.43,34.0,"June 29, 1981",University of Arkansas,13,SG,NJN
67,Bradley Beal,63,2107,962,363,851,42.7,106,259,40.9,130,166,78.3,57,184,241,194,76,18,123,136,844,1.58,0.62,22.0,"June 28, 1993",University of Florida,2,SG,WAS
68,Alan Anderson,74,1744,545,195,440,44.3,73,210,34.8,82,101,81.2,31,173,204,83,56,5,60,148,569,1.38,0.93,33.0,"October 16, 1982",Michigan State University,5,SG,NJN
69,Nick Johnson,28,262,74,26,75,34.7,5,21,23.8,17,25,68.0,13,26,39,11,7,3,19,34,58,0.58,0.37,23.0,"December 22, 1992",University of Arizona,R,SG,HOU
70,Troy Daniels,47,397,176,61,165,37.0,43,118,36.4,11,13,84.6,8,25,33,22,6,1,20,40,112,1.1,0.3,24.0,"July 15, 1991",Virginia Commonwealth University,1,SG,MIN
71,PJ Hairston,45,687,254,87,269,32.3,49,163,30.1,31,36,86.1,22,70,92,21,21,13,22,61,192,0.96,0.96,23.0,"December 24, 1992",University of North Carolina,R,SG,CHA
72,Nick Calathes,58,838,243,104,247,42.1,11,43,25.6,24,45,53.3,19,87,106,146,63,5,61,100,338,2.39,1.03,26.0,"February 7, 1989",University of Florida,1,SG,MEM
73,Joe Harris,51,493,136,48,120,40.0,31,84,36.9,9,15,60.0,7,34,41,26,7,2,27,62,107,0.96,0.26,24.0,"September 7, 1991",University of Virginia,R,SG,CLE
74,Matthew Dellavedova,67,1380,319,111,307,36.2,68,167,40.7,29,38,76.3,37,89,126,204,24,2,61,152,409,3.34,0.39,25.0,"September 8, 1990",Saint Mary's College of California,1,SG,CLE
75,Willie Green,52,951,306,118,306,38.6,42,121,34.7,28,34,82.4,14,65,79,68,26,5,48,81,242,1.42,0.54,34.0,"July 28, 1981",University of Detroit Mercy,11,SG,ORL
76,Andre Dawkins,4,22,3,1,6,16.7,1,6,16.7,0,0,0.0,0,2,2,1,0,0,1,3,0,1.0,0.0,24.0,"September 19, 1991",Duke University,R,SG,MIA
77,Rodney Hood,50,1064,433,155,374,41.4,62,170,36.5,61,80,76.3,9,108,117,83,30,12,45,119,392,1.84,0.67,23.0,"October 20, 1992",Duke University,R,SG,UTA
78,Justin Holiday,59,657,254,91,235,38.7,35,109,32.1,37,45,82.2,12,61,73,48,40,12,29,54,246,1.66,1.38,26.0,"April 5, 1989",University of Washington,1,SG,GSW
79,Brandon Rush,33,271,30,11,54,20.4,3,27,11.1,5,11,45.5,4,37,41,12,5,12,11,27,40,1.09,0.46,30.0,"July 7, 1985",University of Kansas,6,SG,GSW
80,Brandon Knight,63,2035,1070,375,888,42.2,125,321,38.9,195,223,87.4,28,216,244,330,90,10,189,114,1014,1.75,0.48,24.0,"December 2, 1991",University of Kentucky,3,SG,PHO
81,Tyler Johnson,32,603,190,70,167,41.9,18,48,37.5,32,47,68.1,14,67,81,42,33,9,30,42,213,1.4,1.1,23.0,"May 7, 1992","California State University, Fresno",R,SG,MIA
82,Alec Burks,27,899,374,121,300,40.3,26,68,38.2,106,129,82.2,19,95,114,82,17,5,52,64,338,1.58,0.33,24.0,"July 20, 1991",University of Colorado,3,SG,UTA
83,Tyreke Evans,79,2690,1313,521,1165,44.7,69,227,30.4,202,291,69.4,82,334,416,521,100,37,246,198,1408,2.12,0.41,26.0,"September 19, 1989",University of Memphis,5,SG,NOH
84,Francisco Garcia,14,200,45,17,63,27.0,10,45,22.2,1,4,25.0,3,14,17,15,9,5,10,20,32,1.5,0.9,34.0,"December 31, 1981",University of Louisville,9,SF,HOU
85,Richard Jefferson,74,1244,432,144,324,44.4,66,155,42.6,78,114,68.4,25,158,183,61,32,11,52,115,451,1.17,0.62,35.0,"June 21, 1980",University of Arizona,13,SF,DAL
86,Robbie Hummel,45,742,198,79,172,45.9,16,51,31.4,24,29,82.8,31,103,134,27,16,9,18,86,268,1.5,0.89,26.0,"March 8, 1989",Purdue University,1,SF,MIN
87,Jeffery Taylor,29,430,127,45,114,39.5,11,36,30.6,26,41,63.4,14,39,53,22,12,1,19,36,112,1.16,0.63,26.0,"May 23, 1989",Vanderbilt University,2,SF,CHA
88,Khris Middleton,79,2378,1055,406,869,46.7,109,268,40.7,134,156,85.9,48,299,347,182,122,11,113,183,1119,1.61,1.08,24.0,"August 12, 1991",Texas A&M University,2,SF,MIL
89,James Jones,57,669,250,74,201,36.8,63,175,36.0,39,46,84.8,9,53,62,24,13,8,13,67,210,1.85,1.0,35.0,"October 4, 1980",University of Miami,11,SF,CLE
90,Jerami Grant,65,1377,411,124,352,35.2,49,156,31.4,114,193,59.1,49,149,198,79,40,68,85,144,404,0.93,0.47,21.0,"March 12, 1994",Syracuse University,R,SF,PHI
91,Robert Covington,70,1956,943,299,756,39.6,167,446,37.4,178,217,82.0,65,251,316,105,97,31,128,189,868,0.82,0.76,25.0,"December 14, 1990",Tennessee State University,1,SF,PHI
92,Gordon Hayward,76,2618,1463,484,1087,44.5,120,330,36.4,375,462,81.2,54,319,373,313,108,30,206,131,1391,1.52,0.52,25.0,"March 23, 1990",Butler University,4,SF,UTA
93,Paul George,6,91,53,18,49,36.7,9,22,40.9,8,11,72.7,4,18,22,6,5,1,12,11,41,0.5,0.42,25.0,"May 2, 1990","California State University, Fresno",4,SF,IND
94,Kevin Durant,27,913,686,238,467,51.0,64,159,40.3,146,171,85.4,16,162,178,110,24,25,74,40,695,1.49,0.32,27.0,"September 29, 1988",University of Texas at Austin,7,SF,OKC
95,Kawhi Leonard,64,2033,1057,394,822,47.9,67,192,34.9,202,252,80.2,85,376,461,161,148,48,97,128,1300,1.66,1.53,24.0,"June 29, 1991",San Diego State University,3,SF,SAS
96,Harrison Barnes,82,2318,827,316,656,48.2,87,215,40.5,108,150,72.0,117,336,453,116,61,19,71,146,1023,1.63,0.86,23.0,"May 30, 1992",University of North Carolina,2,SF,GSW
97,Paul Pierce,73,1914,868,293,656,44.7,118,303,38.9,164,210,78.1,45,249,294,144,46,24,92,160,875,1.57,0.5,38.0,"October 13, 1977",University of Kansas,16,SF,WAS
98,Jeremy Evans,38,266,90,32,58,55.2,2,5,40.0,24,29,82.8,26,45,71,13,11,12,5,29,161,2.6,2.2,28.0,"October 24, 1987",Western Kentucky University,4,SF,UTA
99,Rudy Gay,68,2408,1432,508,1116,45.5,79,220,35.9,337,393,85.8,98,301,399,250,71,41,183,157,1346,1.37,0.39,29.0,"August 17, 1986",University of Connecticut,8,SF,SAC
100,Jae Crowder,82,1647,628,229,545,42.0,61,208,29.3,109,141,77.3,72,221,293,94,72,25,49,137,715,1.92,1.47,25.0,"July 6, 1990",Marquette University,2,SF,DAL
101,Jordan Hamilton,14,122,38,14,35,40.0,10,21,47.6,0,0,0.0,2,14,16,7,2,0,4,14,38,1.75,0.5,25.0,"October 6, 1990",University of Texas at Austin,3,SF,LAC
102,Perry Jones III,43,631,184,73,184,39.7,14,60,23.3,24,37,64.9,6,70,76,18,17,8,24,50,155,0.75,0.71,24.0,"September 24, 1991",Baylor University,2,SF,OKC
103,James Ennis III,62,1051,312,101,247,40.9,31,95,32.6,79,94,84.0,51,125,176,48,25,17,39,89,378,1.23,0.64,25.0,"July 1, 1990","California State University, Long Beach",R,SF,MIA
104,Mike Miller,52,701,109,37,114,32.5,32,98,32.7,3,4,75.0,4,87,91,46,14,4,23,74,163,2.0,0.61,35.0,"February 19, 1980",University of Florida,14,SF,CLE
105,Luke Babbitt,63,830,256,92,192,47.9,59,115,51.3,13,19,68.4,12,99,111,24,17,11,26,63,287,0.92,0.65,26.0,"June 20, 1989","University of Nevada, Reno",4,SF,NOH
106,Cleanthony Early,39,647,210,76,214,35.5,22,84,26.2,36,48,75.0,22,75,97,36,24,12,40,57,189,0.9,0.6,24.0,"April 17, 1991",Wichita State University,R,SF,NYK
107,Maurice Harkless,45,674,158,63,158,39.9,10,56,17.9,22,41,53.7,38,68,106,25,32,9,27,66,189,0.93,1.19,22.0,"May 11, 1993",St. John's University,2,SF,ORL
108,Chris Johnson,29,527,166,62,154,40.3,28,95,29.5,14,16,87.5,8,47,55,15,26,7,15,44,160,1.0,1.73,25.0,"April 29, 1990",University of Dayton,2,SF,PHI
109,Chris Copeland,50,828,309,112,310,36.1,52,167,31.1,33,45,73.3,23,88,111,51,11,11,59,78,224,0.86,0.19,31.0,"March 17, 1984",University of Colorado,2,SF,IND
110,Trevor Ariza,82,2930,1048,366,910,40.2,194,555,35.0,122,143,85.3,77,382,459,209,152,17,141,186,1179,1.48,1.08,30.0,"June 30, 1985","University of California, Los Angeles",10,SF,HOU
111,Chase Budinger,67,1286,457,169,390,43.3,52,143,36.4,67,81,82.7,33,165,198,64,44,10,49,72,489,1.31,0.9,27.0,"May 22, 1988",University of Arizona,5,SF,MIN
112,Chandler Parsons,66,2186,1037,383,829,46.2,132,347,38.0,139,193,72.0,64,259,323,161,69,19,96,140,1013,1.68,0.72,27.0,"October 25, 1988",University of Florida,3,SF,DAL
113,Cartier Martin,23,198,36,15,53,28.3,6,33,18.2,0,0,0.0,0,20,20,11,3,1,5,20,28,2.2,0.6,31.0,"November 20, 1984",Kansas State University,6,SF,DET
114,Caron Butler,78,1623,460,161,396,40.7,83,219,37.9,55,61,90.2,21,175,196,79,43,4,49,120,492,1.61,0.88,35.0,"March 13, 1980",University of Connecticut,12,SF,DET
115,Carmelo Anthony,40,1428,966,358,806,44.4,61,179,34.1,189,237,79.7,72,192,264,122,40,17,89,87,824,1.37,0.45,31.0,"May 29, 1984",Syracuse University,11,SF,NYK
116,Matt Barnes,76,2271,764,277,624,44.4,136,376,36.2,74,95,77.9,51,251,302,114,67,50,87,240,842,1.31,0.77,35.0,"March 9, 1980","University of California, Los Angeles",11,SF,LAC
117,Michael Beasley,24,505,212,92,212,43.4,8,34,23.5,20,26,76.9,12,77,89,32,15,13,37,66,198,0.87,0.41,26.0,"January 9, 1989",Kansas State University,6,SF,MIA
118,Kyle Anderson,33,358,74,31,89,34.8,3,11,27.3,9,14,64.3,5,67,72,28,15,7,10,28,123,2.8,1.5,22.0,"September 20, 1993","University of California, Los Angeles",R,SF,SAS
119,Austin Daye,34,344,129,50,141,35.5,24,71,33.8,5,6,83.3,10,65,75,17,12,5,23,39,123,0.74,0.52,27.0,"June 5, 1988",Gonzaga University,5,SF,SAS
120,Wesley Johnson,76,2245,753,286,691,41.4,91,259,35.1,90,112,80.4,67,252,319,124,59,45,87,162,786,1.43,0.68,28.0,"July 11, 1987",Syracuse University,4,SF,LAL
121,Michael Kidd-Gilchrist,55,1587,598,224,482,46.5,0,0,0.0,150,214,70.1,109,307,416,77,30,38,63,115,774,1.22,0.48,22.0,"September 26, 1993",University of Kentucky,2,SF,CHA
122,Andre Iguodala,77,2069,604,231,496,46.6,74,212,34.9,68,114,59.6,44,213,257,228,89,25,88,100,804,2.59,1.01,31.0,"January 28, 1984",University of Arizona,10,SF,GSW
123,Alonzo Gee,54,661,241,87,186,46.8,13,35,37.1,54,77,70.1,37,57,94,25,35,7,33,58,247,0.76,1.06,28.0,"May 29, 1987",University of Alabama,5,SF,POR
124,Al-Farouq Aminu,74,1366,412,147,357,41.2,34,124,27.4,84,118,71.2,114,228,342,59,70,62,55,137,646,1.07,1.27,25.0,"September 21, 1990",Wake Forest University,4,SF,DAL
125,Wilson Chandler,78,2471,1085,418,975,42.9,139,406,34.2,110,142,77.5,96,379,475,134,58,29,110,231,1082,1.22,0.53,28.0,"May 10, 1987",DePaul University,7,SF,DEN
126,Xavier Henry,9,86,20,3,13,23.1,0,0,0.0,14,24,58.3,2,2,4,3,3,0,3,6,7,1.0,1.0,24.0,"March 15, 1991",University of Kansas,4,SF,LAL
127,Mike Dunleavy,63,1838,595,209,481,43.5,107,263,40.7,70,87,80.5,28,220,248,114,39,21,60,123,668,1.9,0.65,35.0,"September 15, 1980",Duke University,12,SF,CHI
128,Tony Snell,72,1412,435,159,371,42.9,73,197,37.1,44,55,80.0,31,145,176,62,32,11,48,86,445,1.29,0.67,24.0,"November 10, 1991",University of New Mexico,1,SF,CHI
129,Jeff Green,78,2455,1168,416,967,43.0,97,292,33.2,239,287,83.3,64,264,328,134,53,34,108,147,1010,1.24,0.49,29.0,"August 28, 1986",Georgetown University,6,SF,MEM
130,Corey Brewer,80,2087,917,343,805,42.6,63,235,26.8,168,226,74.3,80,217,297,173,114,19,131,173,869,1.32,0.87,29.0,"March 5, 1986",University of Florida,7,SF,MIN
131,Tobias Harris,68,2369,1164,442,949,46.6,87,239,36.4,193,245,78.8,73,357,430,124,69,36,115,134,1149,1.08,0.6,23.0,"July 15, 1992",University of Tennessee,3,SF,ORL
132,Shawn Marion,57,1101,276,119,267,44.6,12,46,26.1,26,34,76.5,64,138,202,51,27,27,33,58,394,1.55,0.82,37.0,"May 7, 1978","University of Nevada, Las Vegas",15,SF,CLE
133,Reggie Bullock,36,338,69,24,70,34.3,15,46,32.6,6,9,66.7,1,49,50,8,10,4,8,19,84,1.0,1.25,24.0,"March 16, 1991",University of North Carolina,1,SF,PHO
134,Solomon Hill,82,2381,729,251,634,39.6,68,208,32.7,159,193,82.4,70,244,314,184,66,18,115,177,779,1.6,0.57,24.0,"March 18, 1991",University of Arizona,1,SF,IND
135,Kyle Singler,80,1744,480,172,446,38.6,96,241,39.8,40,52,76.9,33,161,194,85,47,21,55,153,486,1.55,0.86,27.0,"May 4, 1988",Duke University,2,SF,OKC
136,Doug McDermott,36,321,109,43,107,40.2,13,41,31.7,10,15,66.7,6,37,43,6,4,1,17,29,77,0.35,0.24,23.0,"January 3, 1992",Creighton University,R,SF,CHI
137,Otto Porter Jr.,74,1432,445,176,391,45.0,35,104,33.7,58,79,73.4,70,151,221,65,44,30,52,97,517,1.25,0.85,22.0,"June 3, 1993",Georgetown University,1,SF,WAS
138,Landry Fields,26,216,46,20,41,48.8,1,2,50.0,5,6,83.3,10,16,26,15,11,0,8,9,68,1.88,1.38,27.0,"June 27, 1988",Stanford University,4,SF,TOR
139,Quincy Pondexter,75,1793,538,188,447,42.1,91,244,37.3,71,96,74.0,53,142,195,94,19,24,51,150,535,1.84,0.37,27.0,"March 10, 1988",University of Washington,4,SF,NOH
140,DeMarre Carroll,70,2189,883,318,653,48.7,120,304,39.5,127,181,70.2,99,273,372,118,94,17,75,154,1020,1.57,1.25,29.0,"July 27, 1986",University of Missouri,5,SF,ATL
141,Tayshaun Prince,58,1397,434,177,402,44.0,31,67,46.3,49,65,75.4,52,158,210,93,29,16,35,55,506,2.66,0.83,35.0,"February 28, 1980",University of Kentucky,12,SF,MEM
142,Terrence Ross,82,2092,807,309,753,41.0,145,390,37.2,44,56,78.6,32,194,226,86,53,25,69,136,672,1.25,0.77,24.0,"February 5, 1991",University of Washington,2,SF,TOR
143,Luol Deng,72,2421,1007,369,787,46.9,78,220,35.5,191,251,76.1,103,273,376,139,65,22,108,109,1023,1.29,0.6,30.0,"April 16, 1985",Duke University,10,SF,MIA
144,Darius Miller,5,43,2,1,7,14.3,0,1,0.0,0,0,0.0,0,1,1,2,1,0,1,8,-1,2.0,1.0,25.0,"March 21, 1990",University of Kentucky,2,SF,NOH
145,Danny Granger,30,613,188,65,162,40.1,30,84,35.7,28,37,75.7,20,60,80,17,13,6,24,67,174,0.71,0.54,32.0,"April 20, 1983",University of New Mexico,9,SF,MIA
146,Dahntay Jones,33,123,21,6,21,28.6,0,4,0.0,9,11,81.8,1,10,11,2,3,0,1,23,19,2.0,3.0,35.0,"December 27, 1980",Duke University,10,SF,LAC
147,Rasual Butler,75,1505,580,218,517,42.2,91,235,38.7,53,67,79.1,27,170,197,63,29,22,48,98,530,1.31,0.6,36.0,"May 23, 1979",La Salle University,11,SF,WAS
148,Aaron Brooks,82,1885,954,344,817,42.1,121,313,38.7,145,174,83.3,32,134,166,261,54,15,157,189,791,1.66,0.34,30.0,"January 14, 1985",University of Oregon,6,PG,CHI
149,Jorge Gutierrez,20,174,53,22,41,53.7,0,3,0.0,9,13,69.2,5,20,25,22,6,0,12,25,71,1.83,0.5,27.0,"December 27, 1988",University of California,1,PG,MIL
150,Jordan Clarkson,59,1476,703,267,596,44.8,38,121,31.4,131,158,82.9,56,135,191,206,51,12,96,109,711,2.15,0.53,23.0,"June 7, 1992",University of Missouri,R,PG,LAL
151,Jordan Farmar,36,529,167,61,158,38.6,35,97,36.1,10,11,90.9,8,34,42,67,20,5,32,52,171,2.09,0.63,29.0,"November 30, 1986","University of California, Los Angeles",7,PG,LAC
152,Langston Galloway,45,1457,533,204,511,39.9,62,176,35.2,63,78,80.8,37,153,190,150,52,12,61,129,554,2.46,0.85,24.0,"December 9, 1991",Saint Joseph's University,R,PG,NYK
153,Jrue Holiday,40,1303,592,238,534,44.6,51,135,37.8,65,76,85.5,32,103,135,274,63,23,91,110,689,3.01,0.69,25.0,"June 12, 1990","University of California, Los Angeles",5,PG,NOH
154,Lorenzo Brown,29,549,122,52,122,42.6,6,28,21.4,12,19,63.2,14,56,70,90,28,6,30,49,209,3.0,0.93,25.0,"August 26, 1990",North Carolina State University,1,PG,MIN
155,Mike Conley,70,2225,1107,393,882,44.6,107,277,38.6,214,249,85.9,29,180,209,375,89,14,156,139,1114,2.4,0.57,28.0,"October 11, 1987",Ohio State University,7,PG,MEM
156,Michael Carter-Williams,66,2150,966,364,919,39.6,36,153,23.5,202,291,69.4,64,289,353,442,111,30,253,167,1005,1.75,0.44,24.0,"October 10, 1991",Syracuse University,1,PG,PHI
157,Mo Williams,68,1980,964,341,860,39.7,119,348,34.2,163,187,87.2,22,152,174,424,46,14,172,162,907,2.47,0.27,33.0,"December 19, 1982",University of Alabama,11,PG,CHA
158,Mario Chalmers,80,2368,813,267,663,40.3,73,248,29.4,206,266,77.4,24,182,206,307,122,10,173,251,829,1.78,0.71,29.0,"May 19, 1986",University of Kansas,6,PG,MIA
159,Marcus Smart,67,1808,523,175,477,36.7,91,272,33.5,82,127,64.6,61,161,222,208,99,18,90,176,633,2.31,1.1,21.0,"March 6, 1994",Oklahoma State University,R,PG,BOS
160,Luke Ridnour,47,683,188,75,176,42.6,20,63,31.7,18,21,85.7,8,60,68,96,20,4,38,67,234,2.53,0.53,34.0,"February 13, 1981",University of Oregon,11,PG,ORL
161,Norris Cole,75,1831,573,230,558,41.2,55,176,31.3,58,81,71.6,13,146,159,255,57,15,99,124,609,2.58,0.58,27.0,"October 13, 1988",Cleveland State University,3,PG,NOH
162,Larry Drew II,12,219,46,20,58,34.5,4,26,15.4,2,3,66.7,1,14,15,45,6,0,25,13,48,1.8,0.24,25.0,"March 5, 1990","University of California, Los Angeles",R,PG,PHI
163,Phil Pressey,50,600,177,64,174,36.8,16,65,24.6,33,49,67.3,13,67,80,117,30,6,41,54,243,2.85,0.73,24.0,"February 17, 1991",University of Missouri,1,PG,BOS
164,Kyrie Irving,75,2730,1628,578,1235,46.8,157,378,41.5,315,365,86.3,55,182,237,389,114,20,186,146,1495,2.09,0.61,23.0,"March 23, 1992",Duke University,3,PG,CLE
165,Patrick Beverley,56,1727,568,204,532,38.3,115,323,35.6,45,60,75.0,67,170,237,192,59,23,83,182,653,2.31,0.71,27.0,"July 12, 1988",University of Arkansas,2,PG,HOU
166,Kyle Lowry,70,2414,1244,430,1043,41.2,132,391,33.8,252,312,80.8,54,274,328,473,109,13,173,212,1321,2.73,0.63,29.0,"March 25, 1986",Villanova University,8,PG,TOR
167,Patty Mills,51,801,351,128,336,38.1,62,182,34.1,33,40,82.5,21,54,75,87,28,2,35,58,293,2.49,0.8,27.0,"August 11, 1988",Saint Mary's College of California,5,PG,SAS
168,Kendall Marshall,28,417,118,46,101,45.5,18,46,39.1,8,9,88.9,2,26,28,86,21,0,35,26,162,2.46,0.6,24.0,"August 19, 1991",University of North Carolina,2,PG,MIL
169,Kemba Walker,62,2119,1075,378,981,38.5,85,280,30.4,234,283,82.7,35,185,220,318,89,31,100,92,981,3.18,0.89,25.0,"May 8, 1990",University of Connecticut,3,PG,CHA
170,Kalin Lucas,1,6,0,0,1,0.0,0,0,0.0,0,0,0.0,0,0,0,0,1,0,0,1,0,0.0,0.0,26.0,"May 24, 1989",Michigan State University,R,PG,MEM
171,John Lucas III,21,272,98,42,104,40.4,9,29,31.0,5,5,100.0,4,12,16,60,8,0,16,18,104,3.75,0.5,33.0,"November 21, 1982",Oklahoma State University,6,PG,DET
172,AJ Price,26,324,133,51,137,37.2,15,57,26.3,16,24,66.7,6,26,32,46,7,0,14,15,110,3.29,0.5,29.0,"October 7, 1986",University of Connecticut,5,PG,PHO
173,Rajon Rondo,68,2019,608,275,645,42.6,27,86,31.4,31,78,39.7,73,300,373,538,91,7,210,153,990,2.56,0.43,29.0,"February 22, 1986",University of Kentucky,8,PG,DAL
174,Darius Morris,38,299,83,36,106,34.0,7,33,21.2,4,9,44.4,7,20,27,48,9,0,21,20,71,2.29,0.43,24.0,"January 3, 1991",University of Michigan,3,PG,NJN
175,Elfrid Payton,82,2489,731,301,708,42.5,11,42,26.2,118,214,55.1,107,242,349,533,142,20,203,193,1069,2.63,0.7,21.0,"February 22, 1994",University of Louisiana at Lafayette,R,PG,ORL
176,Shelvin Mack,55,833,299,117,292,40.1,40,127,31.5,25,31,80.6,8,71,79,155,30,2,49,32,335,3.16,0.61,25.0,"April 22, 1990",Butler University,3,PG,ATL
177,Ramon Sessions,64,1188,402,125,334,37.4,19,60,31.7,133,173,76.9,23,121,144,182,29,0,86,73,422,2.12,0.34,29.0,"April 11, 1986","University of Nevada, Reno",7,PG,WAS
178,Spencer Dinwiddie,34,455,145,51,169,30.2,12,65,18.5,31,34,91.2,4,44,48,104,19,6,33,53,168,3.15,0.58,22.0,"April 6, 1993",University of Colorado,R,PG,DET
179,Donald Sloan,53,1107,391,145,355,40.8,41,131,31.3,60,77,77.9,12,131,143,190,23,0,65,47,455,2.92,0.35,27.0,"January 15, 1988",Texas A&M University,3,PG,IND
180,Stephen Curry,80,2613,1900,653,1341,48.7,286,646,44.3,308,337,91.4,56,285,341,619,163,16,249,158,2073,2.49,0.66,27.0,"March 14, 1988",Davidson College,5,PG,GSW
181,Devin Harris,76,1685,665,219,524,41.8,95,266,35.7,132,162,81.5,13,122,135,237,78,14,85,147,709,2.79,0.92,32.0,"February 27, 1983",University of Wisconsin,10,PG,DAL
182,Derrick Rose,51,1530,904,338,835,40.5,76,271,28.0,152,187,81.3,35,126,161,251,36,16,161,63,675,1.56,0.22,27.0,"October 4, 1988",University of Memphis,5,PG,CHI
183,Steve Blake,81,1529,350,122,327,37.3,77,219,35.2,29,41,70.7,16,121,137,288,41,5,104,118,500,2.77,0.39,35.0,"February 26, 1980",University of Maryland,11,PG,POR
184,David Stockton,3,33,8,2,6,33.3,1,2,50.0,3,6,50.0,0,2,2,9,2,0,4,1,10,2.25,0.5,24.0,"June 24, 1991",Gonzaga University,R,PG,SAC
185,Darren Collison,45,1565,725,260,550,47.3,60,161,37.3,145,184,78.8,19,124,143,252,67,14,112,95,760,2.25,0.6,28.0,"August 23, 1987","University of California, Los Angeles",5,PG,SAC
186,Tim Frazier,11,240,57,21,61,34.4,5,17,29.4,10,21,47.6,6,22,28,60,8,0,25,26,77,2.4,0.32,25.0,"November 1, 1990",Pennsylvania State University,R,PG,POR
187,Damian Lillard,82,2925,1720,590,1360,43.4,196,572,34.3,344,398,86.4,49,329,378,507,97,21,222,164,1677,2.28,0.44,25.0,"July 15, 1990",Weber State University,2,PG,POR
188,Erick Green,43,410,146,61,162,37.7,14,47,29.8,10,12,83.3,7,24,31,39,12,0,14,26,111,2.79,0.86,24.0,"May 9, 1991",Virginia Polytechnic Institute and State University,R,PG,DEN
189,D.J. Augustin,82,1964,777,258,647,39.9,83,246,33.7,178,205,86.8,20,141,161,353,49,3,145,93,782,2.43,0.34,28.0,"November 10, 1987",University of Texas at Austin,6,PG,OKC
190,Cory Joseph,79,1444,535,207,411,50.4,16,44,36.4,105,143,73.4,44,148,192,188,46,17,67,105,669,2.81,0.69,24.0,"August 20, 1991",University of Texas at Austin,3,PG,SAS
191,Chris Paul,82,2857,1564,568,1170,48.5,139,349,39.8,289,321,90.0,52,324,376,838,156,15,190,203,2125,4.41,0.82,30.0,"May 6, 1985",Wake Forest University,9,PG,LAC
192,Trey Burke,76,2288,973,370,1005,36.8,124,390,31.8,109,145,75.2,31,173,204,328,65,15,124,119,790,2.65,0.52,23.0,"November 12, 1992",University of Michigan,1,PG,UTA
193,Ty Lawson,75,2665,1143,404,926,43.6,70,205,34.1,265,363,73.0,42,192,234,720,92,9,185,128,1393,3.89,0.5,28.0,"November 3, 1987",University of North Carolina,5,PG,DEN
194,C.J. Watson,57,1422,570,181,417,43.4,70,175,40.0,138,167,82.6,18,145,163,208,57,9,100,107,642,2.08,0.57,31.0,"April 17, 1984",University of Tennessee,7,PG,IND
195,Bryce Cotton,15,159,80,29,69,42.0,7,20,35.0,15,18,83.3,3,15,18,15,4,0,12,6,62,1.25,0.33,23.0,"August 11, 1992",Providence College,R,PG,UTA
196,Tyler Ennis,33,411,121,52,144,36.1,12,43,27.9,5,7,71.4,7,28,35,73,18,5,42,36,116,1.74,0.43,21.0,"August 24, 1994",Syracuse University,R,PG,PHO
197,Brian Roberts,72,1330,480,176,452,38.9,62,193,32.1,66,74,89.2,13,96,109,162,33,6,57,75,449,2.84,0.58,30.0,"December 3, 1985",University of Dayton,2,PG,CHA
198,Andre Miller,81,1253,355,145,290,50.0,7,34,20.6,58,77,75.3,37,116,153,284,32,6,104,103,562,2.73,0.31,39.0,"March 19, 1976",University of Utah,15,PG,WAS
199,Will Cherry,8,69,15,5,19,26.3,2,9,22.2,3,6,50.0,1,4,5,8,6,1,4,10,14,2.0,1.5,24.0,"February 8, 1991",University of Montana,R,PG,CLE
200,Zach LaVine,77,1902,778,286,677,42.2,57,167,34.1,149,177,84.2,27,187,214,276,54,10,193,158,720,1.43,0.28,20.0,"March 10, 1995","University of California, Los Angeles",R,PG,MIN
201,Eric Bledsoe,81,2800,1377,468,1046,44.7,88,272,32.4,353,441,80.0,72,351,423,493,127,45,274,189,1525,1.8,0.46,26.0,"December 9, 1989",University of Kentucky,4,PG,PHO
202,Dwight Buycks,6,123,52,18,40,45.0,7,11,63.6,9,10,90.0,2,10,12,14,3,0,12,3,46,1.17,0.25,26.0,"March 6, 1989",Marquette University,1,PG,LAL
203,Shane Larkin,76,1865,470,187,432,43.3,35,116,30.2,61,78,78.2,29,147,176,226,93,9,83,150,629,2.72,1.12,23.0,"October 2, 1992",University of Miami,1,PG,NYK
204,J.J. Barea,77,1362,580,225,536,42.0,54,167,32.3,76,94,80.9,23,111,134,263,33,1,70,104,612,3.76,0.47,31.0,"June 26, 1984",Northeastern University,8,PG,DAL
205,Ray McCallum,68,1436,503,206,470,43.8,34,111,30.6,57,84,67.9,52,128,180,188,45,11,85,92,551,2.21,0.53,24.0,"June 12, 1991",University of Detroit Mercy,1,PG,SAC
206,Jimmer Fredette,50,509,178,63,166,38.0,9,48,18.8,43,45,95.6,8,32,40,58,15,2,33,43,155,1.76,0.46,26.0,"February 25, 1989",Brigham Young University,3,PG,NOH
207,Jerryd Bayless,77,1717,598,220,516,42.6,37,120,30.8,121,137,88.3,22,189,211,233,59,12,133,163,668,1.75,0.44,27.0,"August 20, 1988",University of Arizona,6,PG,MIL
208,Raymond Felton,29,281,108,43,106,40.6,10,34,29.4,12,15,80.0,2,24,26,41,11,4,18,17,106,2.28,0.61,31.0,"June 26, 1984",University of North Carolina,9,PG,DAL
209,Jeremy Lin,74,1907,832,277,654,42.4,65,176,36.9,213,268,79.5,26,170,196,339,82,32,166,189,883,2.04,0.49,27.0,"August 23, 1988",Harvard University,4,PG,LAL
210,Jerel McNeal,6,36,9,3,11,27.3,1,2,50.0,2,2,100.0,0,3,3,2,3,1,5,5,5,0.4,0.6,28.0,"June 1, 1987",Marquette University,R,PG,PHO
211,Jeff Teague,73,2228,1162,408,887,46.0,71,207,34.3,275,319,86.2,30,154,184,513,125,31,205,139,1287,2.5,0.61,27.0,"June 10, 1988",Wake Forest University,5,PG,ATL
212,Reggie Jackson,77,2268,1117,432,996,43.4,72,241,29.9,181,218,83.0,56,271,327,462,62,9,186,167,1190,2.48,0.33,25.0,"April 16, 1990",Boston College,3,PG,OKC
213,Jarrett Jack,80,2241,957,359,817,43.9,39,146,26.7,200,227,88.1,19,226,245,373,75,13,191,143,987,1.95,0.39,32.0,"October 28, 1983",Georgia Institute of Technology,9,PG,NJN
214,Jannero Pargo,9,73,41,15,35,42.9,9,22,40.9,2,2,100.0,0,3,3,8,0,0,3,8,29,2.67,0.0,36.0,"October 22, 1979",University of Arkansas,10,PG,CHA
215,Gal Mekel,4,43,6,3,20,15.0,0,3,0.0,0,0,0.0,0,1,1,13,2,0,2,1,3,6.5,1.0,27.0,"March 4, 1988",Wichita State University,1,PG,NOH
216,Ronnie Price,43,982,221,77,223,34.5,31,109,28.4,36,45,80.0,19,50,69,165,67,4,52,118,319,3.17,1.29,32.0,"June 21, 1983",Utah Valley State College,9,PG,LAL
217,Jameer Nelson,63,1406,523,205,504,40.7,89,258,34.5,24,36,66.7,33,113,146,253,47,6,109,136,555,2.32,0.43,33.0,"February 9, 1982",Saint Joseph's University,10,PG,DAL
218,Rodney Stuckey,71,1874,896,332,754,44.0,55,141,39.0,177,216,81.9,36,212,248,219,56,10,118,131,850,1.86,0.48,29.0,"April 21, 1986",Eastern Washington University,7,PG,IND
219,Greivis Vasquez,82,1991,775,296,725,40.8,133,351,37.9,50,66,75.8,22,194,216,302,46,10,119,177,785,2.54,0.39,28.0,"January 16, 1987",University of Maryland,4,PG,TOR
220,George Hill,43,1267,692,255,535,47.7,69,193,35.8,113,143,79.0,25,154,179,220,44,14,69,111,770,3.19,0.64,29.0,"May 4, 1986",Indiana University-Purdue University Indianapolis,6,PG,IND
221,Isaiah Thomas,67,1726,1101,335,796,42.1,129,346,37.3,302,348,86.8,33,120,153,284,57,5,143,150,950,1.99,0.4,26.0,"February 7, 1989",University of Washington,3,PG,BOS
222,Isaiah Canaan,47,938,432,146,378,38.6,91,246,37.0,49,60,81.7,18,69,87,98,29,3,62,83,344,1.58,0.47,24.0,"May 21, 1991",Murray State University,1,PG,PHI
223,Russ Smith,12,65,30,8,25,32.0,2,11,18.2,12,13,92.3,1,5,6,8,3,0,12,13,17,0.67,0.25,24.0,"April 19, 1991",University of Louisville,R,PG,MEM
224,Seth Curry,2,8,0,0,3,0.0,0,1,0.0,0,0,0.0,0,2,2,1,0,0,0,2,0,0.0,0.0,25.0,"August 23, 1990",Duke University,1,PG,PHO
225,Ryan Anderson,61,1675,833,291,729,39.9,122,359,34.0,129,151,85.4,108,187,295,55,33,20,62,113,714,0.89,0.53,27.0,"May 6, 1988",University of California,6,PF,NOH
226,Shavlik Randolph,21,126,24,9,35,25.7,0,5,0.0,6,12,50.0,16,22,38,4,5,3,3,16,39,1.33,1.67,32.0,"November 24, 1983",Duke University,7,PF,BOS
227,Shawne Williams,63,1087,341,121,300,40.3,64,178,36.0,35,40,87.5,36,130,166,44,25,21,30,135,383,1.47,0.83,24.0,"March 27, 1991",Western Michigan University,R,PF,IND
228,Udonis Haslem,62,995,261,107,239,44.8,2,10,20.0,45,64,70.3,71,187,258,46,21,13,41,113,407,1.12,0.51,35.0,"June 9, 1980",University of Florida,11,PF,MIA
229,Tyler Hansbrough,74,1058,270,86,165,52.1,1,7,14.3,97,139,69.8,106,159,265,21,30,15,20,141,460,1.05,1.5,30.0,"November 3, 1985",University of North Carolina,5,PF,TOR
230,Mike Scott,68,1123,529,201,453,44.4,66,192,34.4,61,77,79.2,45,154,199,75,25,3,39,83,524,1.92,0.64,27.0,"July 16, 1988",University of Virginia,2,PF,ATL
231,Ryan Kelly,52,1233,332,104,309,33.7,45,134,33.6,79,95,83.2,13,133,146,92,30,24,37,118,366,2.49,0.81,24.0,"April 9, 1991",Duke University,1,PF,LAL
232,Mitch McGary,32,485,201,88,165,53.3,0,2,0.0,25,40,62.5,53,112,165,14,16,16,31,72,289,0.45,0.52,23.0,"June 6, 1992",University of Michigan,R,PF,OKC
233,Terrence Jones,33,889,386,158,299,52.8,13,37,35.1,57,94,60.6,78,142,220,36,18,59,37,78,504,0.97,0.49,23.0,"January 9, 1992",University of Kentucky,2,PF,HOU
234,Quincy Miller,10,120,29,9,38,23.7,3,18,16.7,8,11,72.7,4,16,20,8,7,5,5,9,32,1.6,1.4,23.0,"November 18, 1992",Baylor University,2,PF,SAC
235,Taj Gibson,62,1692,640,254,506,50.2,0,0,0.0,132,184,71.7,162,234,396,71,36,75,77,162,837,0.92,0.47,30.0,"June 24, 1985",University of Southern California,5,PF,CHI
236,Nick Collison,66,1101,273,106,253,41.9,16,60,26.7,45,65,69.2,90,160,250,90,35,25,45,156,461,2.0,0.78,35.0,"October 26, 1980",University of Kansas,10,PF,OKC
237,Quincy Acy,68,1287,398,152,331,45.9,18,60,30.0,76,97,78.4,79,222,301,68,27,22,60,147,556,1.13,0.45,25.0,"October 6, 1990",Baylor University,2,PF,NYK
238,Trevor Booker,79,1564,567,226,464,48.7,29,84,34.5,86,148,58.1,139,258,397,83,43,41,88,144,743,0.94,0.49,28.0,"November 25, 1987",Clemson University,4,PF,UTA
239,Reggie Evans,47,764,176,58,137,42.3,0,2,0.0,60,97,61.9,97,202,299,32,22,5,45,91,373,0.71,0.49,35.0,"May 18, 1980",University of Iowa,12,PF,SAC
240,Paul Millsap,73,2390,1218,443,930,47.6,77,216,35.6,255,337,75.7,139,431,570,223,130,69,166,201,1475,1.34,0.78,30.0,"February 10, 1985",Louisiana Tech University,8,PF,ATL
241,Mike Muscala,40,502,197,83,151,55.0,9,22,40.9,22,25,88.0,52,67,119,25,16,19,21,52,284,1.19,0.76,24.0,"July 1, 1991",Bucknell University,1,PF,ATL
242,Steve Novak,35,197,63,22,56,39.3,19,48,39.6,0,2,0.0,2,20,22,11,0,2,5,23,57,2.2,0.0,32.0,"June 13, 1983",Marquette University,8,PF,OKC
243,Noah Vonleh,25,259,83,30,76,39.5,5,13,38.5,18,26,69.2,28,58,86,4,4,9,11,20,121,0.36,0.36,20.0,"August 24, 1995",Indiana University,R,PF,CHA
244,Spencer Hawes,73,1274,425,163,415,39.3,55,176,31.3,44,68,64.7,30,228,258,88,24,53,61,173,511,1.44,0.39,27.0,"April 28, 1988",University of Washington,7,PF,LAC
245,Johnny O'Bryant III,34,368,100,44,120,36.7,0,0,0.0,12,27,44.4,26,38,64,17,5,4,25,44,74,0.68,0.2,22.0,"June 1, 1993",Louisiana State University,R,PF,MIL
246,Glen Davis,74,904,294,117,255,45.9,0,4,0.0,60,95,63.2,43,126,169,39,41,21,39,132,352,1.0,1.05,29.0,"January 1, 1986",Louisiana State University,7,PF,LAC
247,Ed Davis,79,1840,656,282,469,60.1,0,0,0.0,92,189,48.7,230,370,600,94,49,98,58,202,1155,1.62,0.85,26.0,"June 5, 1989",University of North Carolina,4,PF,LAL
248,Derrick Favors,74,2280,1187,482,918,52.5,1,6,16.7,222,332,66.9,196,411,607,112,60,123,121,210,1422,0.93,0.5,24.0,"July 15, 1991",Georgia Institute of Technology,4,PF,UTA
249,Draymond Green,79,2490,921,339,765,44.3,111,329,33.7,132,200,66.0,114,533,647,291,123,99,133,253,1454,2.19,0.93,25.0,"March 4, 1990",Michigan State University,2,PF,GSW
250,Drew Gooden,51,864,277,110,276,39.9,23,59,39.0,34,44,77.3,72,151,223,49,21,9,28,91,375,1.75,0.75,34.0,"September 24, 1981",University of Kansas,12,PF,WAS
251,Drew Gordon,9,71,17,8,19,42.1,0,3,0.0,1,2,50.0,7,11,18,2,1,0,8,7,18,0.25,0.13,25.0,"July 12, 1990",University of New Mexico,R,PF,PHI
252,Dwight Powell,29,236,90,31,67,46.3,3,11,27.3,25,33,75.8,18,32,50,9,9,6,11,40,109,0.82,0.82,24.0,"July 20, 1991",Stanford University,R,PF,DAL
253,Earl Clark,10,93,27,11,30,36.7,4,14,28.6,1,4,25.0,1,22,23,3,3,4,6,12,32,0.5,0.5,27.0,"January 17, 1988",University of Louisville,5,PF,NJN
254,Grant Jerrett,8,51,16,7,26,26.9,1,15,6.7,1,1,100.0,2,7,9,3,2,2,3,11,10,1.0,0.67,22.0,"July 8, 1993",University of Arizona,R,PF,UTA
255,David West,66,1895,769,323,686,47.1,4,20,20.0,119,161,73.9,108,341,449,223,48,48,120,160,1012,1.86,0.4,35.0,"August 29, 1980",Xavier University,11,PF,IND
256,Greg Monroe,69,2137,1098,423,853,49.6,0,0,0.0,252,336,75.0,229,475,704,142,78,34,149,148,1393,0.95,0.52,25.0,"June 4, 1990",Georgetown University,4,PF,DET
257,Greg Smith,42,363,80,30,49,61.2,0,0,0.0,20,39,51.3,26,53,79,9,7,11,11,53,137,0.82,0.64,24.0,"January 8, 1991","California State University, Fresno",3,PF,DAL
258,Jack Cooley,16,87,27,9,22,40.9,0,0,0.0,9,21,42.9,10,15,25,1,6,3,3,23,34,0.33,2.0,24.0,"April 4, 1991",University of Notre Dame,R,PF,UTA
259,James Johnson,70,1370,554,238,404,58.9,11,51,21.6,67,102,65.7,61,196,257,95,54,70,79,155,750,1.2,0.68,28.0,"February 20, 1987",Wake Forest University,5,PF,TOR
260,James Michael McAdoo,15,137,62,24,44,54.5,0,0,0.0,14,25,56.0,15,22,37,2,5,9,6,21,78,0.33,0.83,22.0,"January 4, 1993",University of North Carolina,R,PF,GSW
261,JaMychal Green,24,164,62,27,47,57.4,0,6,0.0,8,10,80.0,19,26,45,4,5,5,14,25,85,0.29,0.36,25.0,"June 21, 1990",University of Alabama,R,PF,SAS
262,DeJuan Blair,29,180,56,26,57,45.6,0,0,0.0,4,6,66.7,16,40,56,3,7,1,13,41,77,0.23,0.54,26.0,"April 22, 1989",University of Pittsburgh,5,PF,WAS
263,David Lee,49,904,388,160,313,51.1,0,2,0.0,68,104,65.4,81,176,257,85,31,26,49,83,549,1.74,0.63,32.0,"April 29, 1983",University of Florida,9,PF,GSW
264,Jason Maxiell,61,878,203,81,192,42.2,0,0,0.0,41,71,57.7,86,117,203,19,18,44,29,96,317,0.66,0.62,32.0,"February 18, 1983",University of Cincinnati,9,PF,CHA
265,Brandon Bass,82,1929,866,344,683,50.4,9,32,28.1,169,214,79.0,139,259,398,104,41,32,83,140,974,1.25,0.49,30.0,"April 30, 1985",Louisiana State University,9,PF,BOS
266,Aaron Gordon,47,797,243,93,208,44.7,13,48,27.1,44,61,72.1,46,123,169,33,21,22,38,83,318,0.87,0.55,20.0,"September 16, 1995",University of Arizona,R,PF,ORL
267,Adreian Payne,32,740,213,91,220,41.4,1,9,11.1,30,46,65.2,48,114,162,30,19,9,44,88,244,0.68,0.43,24.0,"February 19, 1991",Michigan State University,R,PF,ATL
268,Andrew Nicholson,40,492,194,83,190,43.7,13,41,31.7,15,25,60.0,17,65,82,22,6,12,24,51,175,0.92,0.25,26.0,"December 8, 1989",St. Bonaventure University,2,PF,ORL
269,Anthony Bennett,57,894,298,125,297,42.1,7,23,30.4,41,64,64.1,52,164,216,48,27,16,36,87,374,1.33,0.75,22.0,"March 14, 1993","University of Nevada, Las Vegas",1,PF,MIN
270,Anthony Davis,68,2455,1656,642,1199,53.5,1,12,8.3,371,461,80.5,173,523,696,149,100,200,95,141,2059,1.57,1.05,22.0,"March 11, 1993",University of Kentucky,2,PF,NOH
271,Blake Griffin,67,2356,1469,574,1144,50.2,10,25,40.0,311,427,72.8,126,382,508,354,63,35,152,196,1591,2.33,0.41,26.0,"March 16, 1989",University of Oklahoma,4,PF,LAC
272,Brandon Davies,27,423,142,55,137,40.1,8,34,23.5,24,37,64.9,38,45,83,30,18,7,29,59,156,1.03,0.62,24.0,"July 25, 1991",Brigham Young University,1,PF,PHI
273,Darrell Arthur,58,988,382,155,384,40.4,26,110,23.6,46,59,78.0,53,118,171,57,48,26,47,146,395,1.21,1.02,27.0,"March 25, 1988",University of Kansas,5,PF,DEN
274,Cameron Bairstow,18,64,10,3,14,21.4,0,0,0.0,4,5,80.0,6,2,8,1,2,1,3,8,7,0.33,0.67,25.0,"December 7, 1990",University of New Mexico,R,PF,CHI
275,Carl Landry,70,1192,503,190,369,51.5,0,0,0.0,123,150,82.0,99,169,268,26,15,17,54,132,569,0.48,0.28,32.0,"September 19, 1983",Purdue University,7,PF,SAC
276,Carlos Boozer,71,1692,836,371,743,49.9,0,0,0.0,94,150,62.7,111,371,482,95,41,12,92,184,946,1.03,0.45,34.0,"November 20, 1981",Duke University,12,PF,LAL
277,Channing Frye,75,1870,549,191,487,39.2,136,346,39.3,31,35,88.6,27,266,293,94,47,39,78,191,644,1.21,0.6,32.0,"May 17, 1983",University of Arizona,8,PF,ORL
278,Cory Jefferson,50,531,183,75,167,44.9,2,15,13.3,31,54,57.4,47,98,145,16,10,21,20,61,240,0.8,0.5,25.0,"December 26, 1990",Baylor University,R,PF,NJN
279,Dante Cunningham,66,1652,340,155,339,45.7,1,10,10.0,29,47,61.7,70,186,256,50,46,37,35,101,492,1.43,1.31,28.0,"April 22, 1987",Villanova University,5,PF,NOH
280,Jared Sullinger,58,1566,770,311,708,43.9,52,184,28.3,96,129,74.4,147,294,441,134,44,42,78,153,923,1.72,0.56,23.0,"March 4, 1992",Ohio State University,2,PF,BOS
281,Zach Randolph,71,2304,1143,454,932,48.7,7,20,35.0,228,298,76.5,225,522,747,153,69,14,156,175,1422,0.98,0.44,34.0,"July 16, 1981",Michigan State University,13,PF,MEM
282,Kevin Love,75,2532,1228,413,952,43.4,144,392,36.7,258,321,80.4,142,589,731,168,51,39,122,140,1493,1.38,0.42,27.0,"September 7, 1988","University of California, Los Angeles",6,PF,CLE
283,Marvin Williams,78,2035,577,210,495,42.4,95,265,35.8,62,87,71.3,58,328,386,100,69,36,60,146,798,1.67,1.15,29.0,"June 19, 1986",University of North Carolina,9,PF,CHA
284,Kyle O'Quinn,51,824,294,119,242,49.2,12,43,27.9,44,57,77.2,46,153,199,59,31,39,55,110,431,1.07,0.56,25.0,"March 26, 1990",Norfolk State University,2,PF,ORL
285,Kris Humphries,64,1345,509,211,446,47.3,0,7,0.0,87,117,74.4,118,298,416,57,34,25,46,130,730,1.24,0.74,30.0,"February 6, 1985",University of Minnesota,10,PF,WAS
286,Jeff Adrien,17,215,60,19,44,43.2,0,0,0.0,22,38,57.9,23,54,77,15,4,9,9,30,115,1.67,0.44,29.0,"February 10, 1986",University of Connecticut,4,PF,MIN
287,Kenyon Martin,11,104,20,9,22,40.9,0,0,0.0,2,2,100.0,6,13,19,5,5,6,3,13,39,1.67,1.67,38.0,"December 30, 1977",University of Cincinnati,14,PF,MIL
288,Lou Amundson,53,937,259,109,255,42.7,0,1,0.0,41,87,47.1,94,174,268,70,22,52,62,126,417,1.13,0.36,33.0,"December 7, 1982","University of Nevada, Las Vegas",8,PF,NYK
289,Kenneth Faried,75,2086,946,373,736,50.7,1,8,12.5,199,288,69.1,242,426,668,89,62,57,118,211,1252,0.75,0.53,26.0,"November 19, 1989",Morehead State University,3,PF,DEN
290,Luc Mbah a Moute,67,1916,660,251,636,39.5,62,202,30.7,96,163,58.9,82,246,328,106,81,21,99,104,645,1.07,0.82,29.0,"September 9, 1986","University of California, Los Angeles",6,PF,PHI
291,Julius Randle,1,14,2,1,3,33.3,0,0,0.0,0,2,0.0,0,0,0,0,0,0,1,1,-3,0.0,0.0,21.0,"November 29, 1994",University of Kentucky,R,PF,LAL
292,Josh McRoberts,17,296,72,28,53,52.8,8,19,42.1,8,13,61.5,7,38,45,33,12,3,22,41,113,1.5,0.55,28.0,"February 28, 1987",Duke University,7,PF,MIA
293,Marcus Morris,81,2045,845,331,763,43.4,112,313,35.8,71,113,62.8,73,312,385,133,63,16,73,188,895,1.82,0.86,26.0,"September 2, 1989",University of Kansas,3,PF,PHO
294,Jon Leuer,63,824,286,121,273,44.3,7,29,24.1,37,59,62.7,50,157,207,46,17,9,35,86,356,1.31,0.49,26.0,"May 14, 1989",University of Wisconsin,3,PF,MEM
295,Markieff Morris,82,2581,1258,512,1100,46.5,57,179,31.8,177,232,76.3,110,396,506,192,101,39,170,245,1283,1.13,0.59,26.0,"September 2, 1989",University of Kansas,3,PF,PHO
296,LaMarcus Aldridge,71,2512,1661,659,1415,46.6,37,105,35.2,306,362,84.5,177,549,726,124,48,68,122,125,1693,1.02,0.39,30.0,"July 19, 1985",University of Texas at Austin,8,PF,POR
297,Jeff Ayres,51,383,137,55,95,57.9,0,0,0.0,27,36,75.0,37,80,117,14,8,8,26,60,209,0.54,0.31,28.0,"April 29, 1987",Arizona State University,4,PF,SAS
298,Matt Bonner,72,935,264,94,230,40.9,46,126,36.5,30,37,81.1,29,86,115,47,10,12,11,65,294,4.27,0.91,35.0,"April 5, 1980",University of Florida,10,PF,SAS
299,Joey Dorsey,69,854,184,80,145,55.2,0,1,0.0,24,83,28.9,103,176,279,25,40,25,41,157,388,0.61,0.98,32.0,"December 16, 1983",University of Memphis,3,PF,HOU
300,Jerrelle Benimon,2,3,0,0,0,0.0,0,0,0.0,0,0,0.0,1,2,3,0,0,0,1,0,2,0.0,0.0,24.0,"August 1, 1991",Towson University,R,PF,UTA
301,Alex Kirk,5,14,4,1,4,25.0,0,0,0.0,2,2,100.0,1,0,1,1,0,0,0,1,3,0.0,0.0,24.0,"November 14, 1991",University of New Mexico,R,C,CLE
302,Chuck Hayes,29,255,50,22,46,47.8,0,0,0.0,6,11,54.5,18,33,51,20,10,4,8,37,98,2.5,1.25,32.0,"June 11, 1983",University of Kentucky,9,C,TOR
303,Chris Kaman,74,1398,638,283,549,51.5,0,0,0.0,72,102,70.6,149,335,484,65,18,54,108,140,855,0.6,0.17,33.0,"April 28, 1982",Central Michigan University,11,C,POR
304,Mason Plumlee,82,1743,717,280,489,57.3,0,3,0.0,157,317,49.5,175,337,512,74,65,63,106,207,956,0.7,0.61,25.0,"March 5, 1990",Duke University,1,C,NJN
305,Chris Bosh,44,1556,928,343,745,46.0,63,168,37.5,179,232,77.2,46,264,310,95,41,25,95,69,849,1.0,0.43,31.0,"March 24, 1984",Georgia Institute of Technology,11,C,MIA
306,Chris Andersen,60,1132,320,120,207,58.0,4,13,30.8,76,114,66.7,76,223,299,43,26,61,40,88,584,1.08,0.65,37.0,"July 7, 1978",Blinn College,12,C,MIA
307,Lavoy Allen,63,1070,315,141,299,47.2,0,0,0.0,33,47,70.2,123,200,323,73,15,42,40,102,556,1.83,0.38,26.0,"February 4, 1989",Temple University,3,C,IND
308,Al Horford,76,2318,1156,519,965,53.8,11,36,30.6,107,141,75.9,131,413,544,244,68,98,100,121,1530,2.44,0.68,29.0,"June 3, 1986",University of Florida,7,C,ATL
309,Nerlens Noel,75,2311,744,302,653,46.2,0,0,0.0,140,230,60.9,185,426,611,128,133,142,146,208,1171,0.88,0.91,21.0,"April 10, 1994",University of Kentucky,R,C,PHI
310,Arinze Onuaku,6,68,27,12,14,85.7,0,0,0.0,3,8,37.5,7,14,21,4,1,3,2,6,47,2.0,0.5,28.0,"July 13, 1987",Syracuse University,1,C,MIN
311,Nikola Vucevic,74,2529,1428,631,1206,52.3,2,6,33.3,164,218,75.2,238,572,810,147,54,54,148,220,1716,0.99,0.37,25.0,"October 24, 1990",University of Southern California,3,C,ORL
312,Brook Lopez,72,2100,1236,506,987,51.3,1,10,10.0,223,274,81.4,214,321,535,50,43,126,104,206,1354,0.48,0.41,27.0,"April 1, 1988",Stanford University,6,C,NJN
313,Andre Drummond,82,2502,1130,494,961,51.4,0,2,0.0,142,365,38.9,437,667,1104,55,73,153,120,285,1705,0.46,0.61,22.0,"August 10, 1993",University of Connecticut,2,C,DET
314,Brendan Haywood,22,119,35,14,30,46.7,0,0,0.0,7,13,53.8,6,23,29,2,2,10,10,17,46,0.2,0.2,36.0,"November 27, 1979",University of North Carolina,12,C,CLE
315,Andrew Bogut,67,1583,422,200,355,56.3,0,0,0.0,22,42,52.4,141,402,543,180,39,113,106,188,1016,1.7,0.37,31.0,"November 28, 1984",University of Utah,9,C,GSW
316,Nazr Mohammed,23,128,27,13,30,43.3,0,0,0.0,1,3,33.3,11,27,38,3,4,5,7,16,51,0.43,0.57,38.0,"September 5, 1977",University of Kentucky,16,C,CHI
317,Cole Aldrich,61,976,338,144,301,47.8,0,0,0.0,50,64,78.1,101,237,338,75,37,65,59,122,623,1.27,0.63,27.0,"October 31, 1988",University of Kansas,4,C,NYK
318,Marreese Speights,76,1207,791,318,646,49.2,5,18,27.8,150,178,84.3,109,216,325,72,20,34,82,189,804,0.88,0.24,28.0,"August 4, 1987",University of Florida,6,C,GSW
319,Bernard James,16,158,44,12,27,44.4,0,0,0.0,20,23,87.0,18,21,39,4,2,15,6,17,80,0.67,0.33,30.0,"February 7, 1985",Florida State University,2,C,DAL
320,Aron Baynes,70,1122,461,185,327,56.6,1,4,25.0,90,104,86.5,109,209,318,35,16,22,65,162,631,0.54,0.25,29.0,"December 9, 1986",Washington State University,2,C,SAS
321,Alex Len,69,1518,432,179,353,50.7,1,3,33.3,73,104,70.2,142,312,454,32,34,105,74,213,778,0.43,0.46,22.0,"June 16, 1993",University of Maryland,1,C,PHO
322,JaVale McGee,23,256,106,42,79,53.2,0,0,0.0,22,33,66.7,18,43,61,3,2,20,18,30,126,0.17,0.11,27.0,"January 19, 1988","University of Nevada, Reno",6,C,PHI
323,Tim Duncan,77,2227,1070,419,819,51.2,2,7,28.6,230,311,74.0,170,534,704,230,63,151,131,165,1606,1.76,0.48,39.0,"April 25, 1976",Wake Forest University,17,C,SAS
324,Miles Plumlee,73,1194,294,136,254,53.5,0,0,0.0,22,46,47.8,112,208,320,34,41,66,51,111,562,0.67,0.8,27.0,"September 1, 1988",Duke University,2,C,PHO
325,Robin Lopez,59,1638,566,234,437,53.5,0,1,0.0,98,127,77.2,190,204,394,55,16,84,73,122,810,0.75,0.22,27.0,"April 1, 1988",Stanford University,6,C,POR
326,Jerome Jordan,44,383,138,50,94,53.2,0,0,0.0,38,44,86.4,52,53,105,13,8,15,22,58,207,0.59,0.36,29.0,"September 29, 1986",University of Tulsa,1,C,NJN
327,JJ Hickson,73,1411,552,218,459,47.5,0,2,0.0,116,201,57.7,150,302,452,57,36,35,96,136,710,0.59,0.38,27.0,"September 4, 1988",North Carolina State University,6,C,DEN
328,Roy Hibbert,76,1926,802,317,710,44.6,0,2,0.0,168,204,82.4,156,384,540,84,18,125,107,216,1033,0.79,0.17,29.0,"December 11, 1986",Georgetown University,6,C,IND
329,Joakim Noah,67,2049,485,190,427,44.5,0,2,0.0,105,174,60.3,219,427,646,312,48,74,123,203,1136,2.54,0.39,30.0,"February 25, 1985",University of Florida,7,C,CHI
330,Greg Stiemsma,17,66,14,6,8,75.0,0,0,0.0,2,4,50.0,9,6,15,3,2,0,7,15,23,0.43,0.29,30.0,"September 26, 1985",University of Wisconsin,3,C,TOR
331,Joel Anthony,49,406,87,36,62,58.1,0,0,0.0,15,22,68.2,32,61,93,5,12,49,12,55,201,0.42,1.0,33.0,"August 9, 1982","University of Nevada, Las Vegas",7,C,DET
332,Ryan Hollins,46,441,137,53,82,64.6,0,0,0.0,31,54,57.4,36,67,103,14,6,19,25,65,202,0.56,0.24,31.0,"October 10, 1984","University of California, Los Angeles",8,C,SAC
333,Samuel Dalembert,32,544,128,57,130,43.8,0,0,0.0,14,20,70.0,53,115,168,29,14,41,39,70,262,0.74,0.36,34.0,"May 10, 1981",Seton Hall University,12,C,NYK
334,John Henson,67,1228,470,196,346,56.6,0,0,0.0,78,137,56.9,124,188,312,59,28,135,87,152,708,0.68,0.32,25.0,"December 28, 1990",University of North Carolina,2,C,MIL
335,Gorgui Dieng,73,2193,710,259,512,50.6,1,6,16.7,191,244,78.3,223,386,609,146,71,126,126,188,1230,1.16,0.56,25.0,"January 18, 1990",University of Louisville,1,C,MIN
336,Evan Turner,82,2260,779,320,746,42.9,33,119,27.7,106,141,75.2,40,377,417,449,83,19,198,180,1088,2.27,0.42,26.0,"October 21, 1989",Vanderbilt University,1,C,GSW
337,Kosta Koufos,81,1348,419,182,358,50.8,0,0,0.0,55,85,64.7,121,305,426,37,29,63,69,148,699,0.54,0.42,26.0,"February 24, 1989",Ohio State University,6,C,MEM
338,Elton Brand,36,486,96,42,95,44.2,0,1,0.0,12,23,52.2,28,72,100,22,17,25,18,54,178,1.22,0.94,36.0,"March 11, 1979",Duke University,15,C,ATL
339,Jordan Hill,70,1874,841,357,777,45.9,3,11,27.3,124,168,73.8,174,382,556,103,34,52,106,164,1016,0.97,0.32,28.0,"July 27, 1987",University of Arizona,5,C,LAL
340,Earl Barron,16,143,32,12,39,30.8,2,4,50.0,6,12,50.0,14,14,28,5,4,2,5,26,33,1.0,0.8,34.0,"August 14, 1981",University of Memphis,7,C,PHO
341,Sim Bhullar,3,3,2,1,2,50.0,0,0,0.0,0,0,0.0,0,1,1,1,0,1,0,0,4,0.0,0.0,23.0,"December 2, 1992",New Mexico State University,R,C,SAC
342,Justin Hamilton,41,713,219,85,178,47.8,10,31,32.3,39,47,83.0,57,77,134,36,27,30,26,70,319,1.39,1.04,25.0,"April 1, 1990",Louisiana State University,1,C,MIN
343,Kelly Olynyk,64,1424,656,251,528,47.5,61,175,34.9,93,136,68.4,92,211,303,109,64,39,98,213,753,1.11,0.65,24.0,"April 19, 1991",Gonzaga University,1,C,BOS
344,Dewayne Dedmon,59,845,216,91,162,56.2,0,1,0.0,34,64,53.1,118,177,295,9,16,50,51,141,434,0.18,0.31,26.0,"August 12, 1989",University of Southern California,1,C,ORL
345,DeMarcus Cousins,59,2013,1421,498,1066,46.7,2,8,25.0,423,541,78.2,185,562,747,210,90,103,254,241,1631,0.83,0.35,25.0,"August 13, 1990",University of Kentucky,4,C,SAC
346,Steven Adams,70,1771,537,217,399,54.4,0,2,0.0,103,205,50.2,199,324,523,66,38,86,99,222,867,0.67,0.38,22.0,"July 20, 1993",University of Pittsburgh,1,C,OKC
347,Tarik Black,63,1195,379,157,273,57.5,0,1,0.0,65,118,55.1,142,226,368,42,19,24,48,158,615,0.88,0.4,24.0,"November 22, 1991",University of Kansas,R,C,LAL
348,DeAndre Jordan,82,2820,946,379,534,71.0,1,4,25.0,187,471,39.7,397,829,1226,61,81,183,109,245,1949,0.56,0.74,27.0,"July 21, 1988",Texas A&M University,6,C,LAC
349,Meyers Leonard,55,847,327,125,245,51.0,47,112,42.0,30,32,93.8,46,204,250,32,10,14,39,113,472,0.82,0.26,23.0,"February 27, 1992",University of Illinois at Urbana-Champaign,2,C,POR
